{"accuracy": 0.9736842105263158, "log_loss": 0.06012955060644877, "rmse": 0.1292404501894718}